<?xml version="1.0" encoding="utf-8" standalone="no"?>
<manifest identifier="00" version="1" xmlns:adlcp="http://www.adlnet.org/xsd/adlcp_rootv1p2" xmlns="http://www.imsproject.org/xsd/imscp_rootv1p1p2" xmlns:xsi="http://www.w3.org/2001/XMLSchema-instance" xsi:schemaLocation="http://www.imsproject.org/xsd/imscp_rootv1p1p2 imscp_rootv1p1p2.xsd http://www.imsglobal.org/xsd/imsmd_rootv1p2p1 imsmd_rootv1p2p1.xsd http://www.adlnet.org/xsd/adlcp_rootv1p2 adlcp_rootv1p2.xsd">
  <metadata>
    <schema>ADL SCORM</schema>
    <schemaversion>1.2</schemaversion>
    <adlcp:location>metadata.xml</adlcp:location>
  </metadata>
  <organizations default="Κωνσταντίνος_Κεχαγιάς">
    <organization identifier="Κωνσταντίνος_Κεχαγιάς">
      <title>Η εξέλιξη της ζωής</title>
      <item identifier="item_00" identifierref="resource_00">
        <title>Η εξέλιξη της ζωής</title>
        <adlcp:masteryscore>70</adlcp:masteryscore>
        <metadata>
          <schema>ADL SCORM</schema>
          <schemaversion>1.2</schemaversion>
          <adlcp:location>metadata.xml</adlcp:location>
        </metadata>
      </item>
      <metadata>
        <schema>ADL SCORM</schema>
        <schemaversion>1.2</schemaversion>
        <adlcp:location>metadata.xml</adlcp:location>
      </metadata>
    </organization>
  </organizations>
  <resources>
    <metadata>
      <schema>ADL SCORM</schema>
      <schemaversion>1.2</schemaversion>
      <adlcp:location>metadata.xml</adlcp:location>
    </metadata>
    <resource identifier="resource_00" type="webcontent" href="index.html" adlcp:scormtype="sco">
      <metadata>
        <schema>ADL SCORM</schema>
        <schemaversion>1.2</schemaversion>
        <adlcp:location>metadata.xml</adlcp:location>
      </metadata>
      <file href="SCORM_API_wrapper.js"/>
      <file href="audios/audio-0I6l3DEO.mp3"/>
      <file href="audios/audio-Ee6AF9n3.mp3"/>
      <file href="audios/audio-KTHvF3k2.mp3"/>
      <file href="audios/audio-VrwjKn57.mp3"/>
      <file href="audios/audio-XdPuVnV0.mp3"/>
      <file href="audios/audio-c0AHevIy.mp3"/>
      <file href="audios/audio-hBWFOgPj.mp3"/>
      <file href="audios/audio-kfE0EdPD.mp3"/>
      <file href="h5p-adaptor.js"/>
      <file href="images/image-4Kyd4TPH.png"/>
      <file href="images/image-6b0l46JS.png"/>
      <file href="images/image-CKsSb6yO.png"/>
      <file href="images/image-Ga8Xf3jB.png"/>
      <file href="images/image-TxJhS1oh.png"/>
      <file href="images/image-gE0WF0VY.png"/>
      <file href="images/image-hms4X9O4.png"/>
      <file href="images/image-lyhBfI4m.png"/>
      <file href="images/image-sr8b68At.png"/>
      <file href="index.html"/>
    </resource>
  </resources>
</manifest>